"351150400","ZIELONA GÓRA","2018","01","01",4.5,"",4.0,"",6.9,"",7.9,"",78.6,"",979.7,"",1003.0,"",.6,"",.3,""
"351150400","ZIELONA GÓRA","2018","01","02",7.6,"",3.5,"",3.2,"",7.2,"",92.8,"",982.7,"",1006.4,"",3.8,"",.0,""
"351150400","ZIELONA GÓRA","2018","01","03",6.5,"",4.5,"",2.3,"",7.0,"",96.9,"",971.6,"",995.1,"",9.0,"",3.7,""
"351150400","ZIELONA GÓRA","2018","01","04",7.5,"",5.1,"",5.7,"",7.4,"",81.1,"",971.5,"",994.7,"",.0,"",.2,""
"351150400","ZIELONA GÓRA","2018","01","05",7.0,"",3.9,"",6.9,"",7.9,"",79.8,"",973.7,"",996.9,"",.0,"",.0,""
"351150400","ZIELONA GÓRA","2018","01","06",6.9,"",1.8,"",6.2,"",8.0,"",84.6,"",985.3,"",1008.8,"",.0,"",.8,""
"351150400","ZIELONA GÓRA","2018","01","07",7.1,"",2.9,"",1.3,"",6.2,"",92.4,"",1002.5,"",1026.8,"",1.1,"",.0,""
"351150400","ZIELONA GÓRA","2018","01","08",.8,"",3.5,"",-2.2,"",3.9,"",76.3,"",1009.6,"",1034.4,"",.0,"",.0,""
"351150400","ZIELONA GÓRA","2018","01","09",4.0,"",5.3,"",.4,"",3.4,"",53.0,"",999.7,"",1024.1,"",.0,"",1.1,""
"351150400","ZIELONA GÓRA","2018","01","10",8.0,"",2.4,"",3.2,"",7.1,"",92.4,"",990.8,"",1014.7,"",2.5,"",12.6,""
"351150400","ZIELONA GÓRA","2018","01","11",8.0,"",1.8,"",2.2,"",7.2,"",100.0,"",993.1,"",1017.2,"",.6,"",.2,""
"351150400","ZIELONA GÓRA","2018","01","12",8.0,"",2.5,"",-.1,"",6.1,"",100.0,"",1004.1,"",1028.5,"",.0,"",.0,""
"351150400","ZIELONA GÓRA","2018","01","13",7.9,"",3.5,"",-1.4,"",4.5,"",82.3,"",1008.6,"",1033.4,"",.0,"",.0,""
"351150400","ZIELONA GÓRA","2018","01","14",6.5,"",3.0,"",-2.5,"",3.9,"",75.8,"",1006.3,"",1031.1,"",.0,"",.0,""
"351150400","ZIELONA GÓRA","2018","01","15",.1,"",4.1,"",-3.9,"",3.9,"",85.5,"",995.7,"",1020.4,"",.0,"",.7,""
"351150400","ZIELONA GÓRA","2018","01","16",7.3,"",4.4,"",.3,"",5.6,"",89.6,"",971.2,"",994.9,"",.7,"",1.0,""
"351150400","ZIELONA GÓRA","2018","01","17",7.4,"",3.9,"",.3,"",5.8,"",93.0,"",971.4,"",995.1,"",5.6,"",.0,""
"351150400","ZIELONA GÓRA","2018","01","18",7.4,"",5.1,"",.6,"",6.2,"",96.4,"",971.8,"",995.4,"",9.3,"",1.5,""
"351150400","ZIELONA GÓRA","2018","01","19",7.8,"",3.5,"",1.1,"",6.0,"",91.4,"",980.9,"",1004.8,"",.0,"",.4,""
"351150400","ZIELONA GÓRA","2018","01","20",7.8,"",2.1,"",.1,"",6.0,"",96.9,"",983.8,"",1007.7,"",.7,"",.0,""
"351150400","ZIELONA GÓRA","2018","01","21",7.4,"",1.6,"",-1.3,"",5.5,"",98.1,"",988.1,"",1012.3,"",.0,"",.0,""
"351150400","ZIELONA GÓRA","2018","01","22",7.0,"",3.3,"",-2.0,"",4.7,"",89.6,"",991.1,"",1015.4,"",.0,"",.3,""
"351150400","ZIELONA GÓRA","2018","01","23",7.9,"",1.6,"",-1.1,"",5.5,"",97.0,"",997.3,"",1021.7,"",.0,"",.3,""
"351150400","ZIELONA GÓRA","2018","01","24",6.8,"",4.4,"",5.2,"",8.3,"",93.9,"",995.8,"",1019.6,"",.4,"",.0,""
"351150400","ZIELONA GÓRA","2018","01","25",7.4,"",4.0,"",7.5,"",8.0,"",77.0,"",991.9,"",1015.4,"",.0,"",.0,""
"351150400","ZIELONA GÓRA","2018","01","26",7.5,"",3.0,"",5.2,"",7.4,"",82.6,"",994.0,"",1017.8,"",.0,"",.0,""
"351150400","ZIELONA GÓRA","2018","01","27",7.1,"",2.0,"",4.7,"",8.2,"",96.6,"",1005.5,"",1029.6,"",.0,"",.1,""
"351150400","ZIELONA GÓRA","2018","01","28",7.6,"",5.9,"",5.7,"",8.0,"",87.5,"",1000.7,"",1024.6,"",.2,"",.0,""
"351150400","ZIELONA GÓRA","2018","01","29",7.8,"",6.4,"",8.9,"",9.2,"",81.4,"",995.1,"",1018.6,"",.0,"",3.5,""
"351150400","ZIELONA GÓRA","2018","01","30",6.9,"",4.8,"",3.7,"",6.5,"",80.8,"",998.5,"",1022.5,"",.0,"",.0,""
"351150400","ZIELONA GÓRA","2018","01","31",7.5,"",4.0,"",3.4,"",6.8,"",85.4,"",988.2,"",1012.0,"",1.4,"",5.8,""
"351150400","ZIELONA GÓRA","2018","02","01",7.5,"",2.5,"",3.4,"",7.1,"",91.0,"",977.7,"",1001.3,"",.7,"",.0,""
"351150400","ZIELONA GÓRA","2018","02","02",3.3,"",2.8,"",1.2,"",5.3,"",81.0,"",981.2,"",1005.0,"",.0,"",.0,""
"351150400","ZIELONA GÓRA","2018","02","03",7.4,"",2.8,"",1.1,"",6.1,"",91.9,"",980.9,"",1004.7,"",3.0,"",1.2,""
"351150400","ZIELONA GÓRA","2018","02","04",7.4,"",2.5,"",-1.3,"",5.4,"",96.6,"",992.6,"",1016.9,"",.0,"",.2,""
"351150400","ZIELONA GÓRA","2018","02","05",2.9,"",1.5,"",-3.0,"",4.2,"",85.3,"",1003.3,"",1028.0,"",.2,"",.0,""
"351150400","ZIELONA GÓRA","2018","02","06",2.1,"",2.0,"",-4.4,"",3.0,"",69.8,"",996.4,"",1021.1,"",.0,"",.0,""
"351150400","ZIELONA GÓRA","2018","02","07",2.5,"",1.9,"",-3.6,"",3.6,"",76.0,"",992.4,"",1016.9,"",.0,"",.0,""
"351150400","ZIELONA GÓRA","2018","02","08",6.9,"",1.6,"",-2.8,"",4.2,"",84.0,"",995.7,"",1020.2,"",.0,"",.0,""
"351150400","ZIELONA GÓRA","2018","02","09",6.4,"",1.8,"",-2.9,"",3.9,"",79.3,"",995.1,"",1019.6,"",.0,"",.0,""
"351150400","ZIELONA GÓRA","2018","02","10",7.1,"",1.9,"",-2.4,"",4.4,"",86.4,"",993.3,"",1017.7,"",.0,"",.0,""
"351150400","ZIELONA GÓRA","2018","02","11",7.5,"",2.6,"",.7,"",5.0,"",78.8,"",983.7,"",1007.7,"",.0,"",.5,""
"351150400","ZIELONA GÓRA","2018","02","12",4.8,"",3.3,"",1.2,"",5.7,"",86.1,"",986.2,"",1010.1,"",.0,"",.0,""
"351150400","ZIELONA GÓRA","2018","02","13",3.6,"",1.5,"",-.5,"",5.0,"",84.8,"",993.4,"",1017.6,"",.0,"",.0,""
"351150400","ZIELONA GÓRA","2018","02","14",5.1,"",1.6,"",-3.1,"",4.6,"",93.9,"",997.1,"",1021.7,"",.0,"",.0,""
"351150400","ZIELONA GÓRA","2018","02","15",7.1,"",2.8,"",-2.3,"",4.5,"",86.5,"",997.9,"",1022.4,"",.0,"",.1,""
"351150400","ZIELONA GÓRA","2018","02","16",5.9,"",3.6,"",2.6,"",5.1,"",71.9,"",997.9,"",1022.0,"",.0,"",.0,""
"351150400","ZIELONA GÓRA","2018","02","17",6.8,"",2.1,"",1.2,"",5.5,"",82.6,"",1000.8,"",1025.1,"",.0,"",.0,""
"351150400","ZIELONA GÓRA","2018","02","18",7.0,"",1.4,"",.8,"",4.8,"",74.4,"",1004.2,"",1028.6,"",.0,"",.0,""
"351150400","ZIELONA GÓRA","2018","02","19",7.3,"",2.0,"",.2,"",4.1,"",66.4,"",999.4,"",1023.8,"",.0,"",.0,""
"351150400","ZIELONA GÓRA","2018","02","20",5.4,"",2.4,"",-1.5,"",3.9,"",71.3,"",996.3,"",1020.7,"",.0,"",.0,""
"351150400","ZIELONA GÓRA","2018","02","21",3.6,"",2.5,"",-1.8,"",3.9,"",74.4,"",1000.1,"",1024.7,"",.0,"",.0,""
"351150400","ZIELONA GÓRA","2018","02","22",3.0,"",2.5,"",-2.7,"",3.3,"",66.0,"",1001.3,"",1026.0,"",.0,"",.0,""
"351150400","ZIELONA GÓRA","2018","02","23",1.5,"",2.8,"",-6.1,"",2.6,"",67.9,"",1001.7,"",1026.6,"",.0,"",.0,""
"351150400","ZIELONA GÓRA","2018","02","24",3.0,"",3.0,"",-5.7,"",2.4,"",59.4,"",1004.2,"",1029.3,"",.0,"",.0,""
"351150400","ZIELONA GÓRA","2018","02","25",2.9,"",2.1,"",-8.8,"",1.9,"",60.4,"",1006.6,"",1031.9,"",.0,"",.0,""
"351150400","ZIELONA GÓRA","2018","02","26",2.4,"",2.5,"",-10.7,"",1.8,"",65.5,"",1003.4,"",1028.8,"",.0,"",.0,""
"351150400","ZIELONA GÓRA","2018","02","27",3.4,"",3.1,"",-11.0,"",1.6,"",62.1,"",998.9,"",1024.3,"",.0,"",.0,""
"351150400","ZIELONA GÓRA","2018","02","28",3.0,"",3.1,"",-10.8,"",1.7,"",65.4,"",1002.0,"",1027.4,"",.0,"",.0,""
"351150400","ZIELONA GÓRA","2018","03","01",.6,"",3.6,"",-10.9,"",1.7,"",64.3,"",995.7,"",1021.0,"",.0,"",.0,""
"351150400","ZIELONA GÓRA","2018","03","02",.0,"",3.6,"",-10.1,"",1.7,"",60.3,"",983.9,"",1008.8,"",.0,"",.0,""
"351150400","ZIELONA GÓRA","2018","03","03",.6,"",3.3,"",-8.9,"",1.9,"",61.0,"",982.4,"",1007.2,"",.0,"",.0,""
"351150400","ZIELONA GÓRA","2018","03","04",1.8,"",3.5,"",-4.9,"",2.1,"",52.3,"",982.7,"",1007.1,"",.0,"",.0,""
"351150400","ZIELONA GÓRA","2018","03","05",5.6,"",2.6,"",-.2,"",3.8,"",61.6,"",977.3,"",1001.2,"",.0,"",.0,""
"351150400","ZIELONA GÓRA","2018","03","06",7.6,"",2.1,"",-.1,"",5.4,"",87.0,"",972.1,"",995.8,"",5.0,"",8.5,""
"351150400","ZIELONA GÓRA","2018","03","07",8.0,"",2.4,"",.4,"",6.1,"",97.0,"",970.7,"",994.3,"",1.5,"",.0,""
"351150400","ZIELONA GÓRA","2018","03","08",5.9,"",3.0,"",3.3,"",6.3,"",81.9,"",979.1,"",1002.7,"",.0,"",.4,""
"351150400","ZIELONA GÓRA","2018","03","09",4.5,"",3.9,"",4.8,"",5.8,"",68.3,"",982.9,"",1006.5,"",.0,"",.0,""
"351150400","ZIELONA GÓRA","2018","03","10",6.5,"",2.4,"",4.8,"",6.9,"",78.6,"",983.7,"",1007.2,"",.0,"",.0,""
"351150400","ZIELONA GÓRA","2018","03","11",6.8,"",3.0,"",10.5,"",9.0,"",71.4,"",978.7,"",1001.7,"",.0,"",.0,""
"351150400","ZIELONA GÓRA","2018","03","12",7.6,"",2.1,"",8.3,"",9.1,"",83.3,"",969.5,"",992.5,"",1.0,"",6.6,""
"351150400","ZIELONA GÓRA","2018","03","13",7.1,"",4.5,"",8.7,"",8.9,"",80.0,"",976.1,"",999.1,"",.0,"",.4,""
"351150400","ZIELONA GÓRA","2018","03","14",7.9,"",3.4,"",3.7,"",7.1,"",89.1,"",986.1,"",1009.8,"",1.1,"",.0,""
"351150400","ZIELONA GÓRA","2018","03","15",8.0,"",3.6,"",1.0,"",6.0,"",91.5,"",987.2,"",1011.2,"",.0,"",.0,""
"351150400","ZIELONA GÓRA","2018","03","16",8.0,"",4.8,"",-1.7,"",4.6,"",84.3,"",984.7,"",1008.9,"",1.5,"",1.1,""
"351150400","ZIELONA GÓRA","2018","03","17",7.3,"",5.0,"",-5.0,"",2.4,"",57.6,"",990.3,"",1014.9,"",.0,"",.0,""
"351150400","ZIELONA GÓRA","2018","03","18",2.5,"",5.4,"",-4.4,"",1.8,"",41.6,"",993.4,"",1018.0,"",.0,"",.0,""
"351150400","ZIELONA GÓRA","2018","03","19",1.4,"",3.3,"",-3.2,"",2.0,"",42.4,"",990.9,"",1015.3,"",.0,"",.0,""
"351150400","ZIELONA GÓRA","2018","03","20",3.8,"",2.5,"",-.1,"",2.9,"",48.6,"",990.1,"",1014.2,"",.0,"",.9,""
"351150400","ZIELONA GÓRA","2018","03","21",2.6,"",3.0,"",-.6,"",3.6,"",63.1,"",1000.8,"",1025.2,"",.0,"",.0,""
"351150400","ZIELONA GÓRA","2018","03","22",7.6,"",3.9,"",.2,"",4.8,"",77.0,"",990.7,"",1014.9,"",.7,"",.5,""
"351150400","ZIELONA GÓRA","2018","03","23",8.0,"",2.3,"",1.0,"",5.8,"",88.3,"",983.9,"",1007.8,"",.2,"",.0,""
"351150400","ZIELONA GÓRA","2018","03","24",6.4,"",2.0,"",2.9,"",5.2,"",69.8,"",983.3,"",1007.0,"",.0,"",.0,""
"351150400","ZIELONA GÓRA","2018","03","25",2.3,"",2.0,"",5.2,"",5.0,"",59.0,"",985.1,"",1008.7,"",.0,"",.0,""
"351150400","ZIELONA GÓRA","2018","03","26",6.0,"",2.5,"",4.0,"",5.8,"",72.1,"",988.4,"",1012.1,"",.0,"",.0,""
"351150400","ZIELONA GÓRA","2018","03","27",5.9,"",2.3,"",1.6,"",5.2,"",76.9,"",991.4,"",1015.4,"",.0,"",.0,""
"351150400","ZIELONA GÓRA","2018","03","28",7.4,"",3.4,"",-.5,"",5.7,"",95.3,"",984.3,"",1008.3,"",5.2,"",3.9,""
"351150400","ZIELONA GÓRA","2018","03","29",6.8,"",3.8,"",4.4,"",6.5,"",78.4,"",980.0,"",1003.5,"",.0,"",.0,""
"351150400","ZIELONA GÓRA","2018","03","30",2.6,"",2.9,"",5.4,"",5.9,"",67.8,"",985.1,"",1008.6,"",.0,"",.0,""
"351150400","ZIELONA GÓRA","2018","03","31",7.5,"",3.4,"",3.8,"",7.0,"",86.0,"",976.0,"",999.5,"",1.8,"",2.3,""
"351150400","ZIELONA GÓRA","2018","04","01",7.8,"",5.8,"",1.0,"",6.1,"",93.0,"",976.2,"",999.9,"",.3,"",.4,""
"351150400","ZIELONA GÓRA","2018","04","02",5.1,"",4.0,"",3.8,"",5.4,"",68.6,"",986.2,"",1009.9,"",.0,"",.2,""
"351150400","ZIELONA GÓRA","2018","04","03",7.0,"",3.4,"",10.2,"",8.1,"",65.3,"",983.4,"",1006.5,"",.1,"",.0,""
"351150400","ZIELONA GÓRA","2018","04","04",5.1,"",2.8,"",16.0,"",8.6,"",49.3,"",981.9,"",1004.5,"",.0,"",.0,""
"351150400","ZIELONA GÓRA","2018","04","05",3.9,"",4.3,"",11.7,"",8.4,"",62.1,"",984.9,"",1007.9,"",.5,"",.0,""
"351150400","ZIELONA GÓRA","2018","04","06",1.6,"",3.8,"",6.4,"",5.2,"",56.5,"",999.8,"",1023.6,"",.0,"",.0,""
"351150400","ZIELONA GÓRA","2018","04","07",1.3,"",4.6,"",11.1,"",5.3,"",41.5,"",997.4,"",1020.8,"",.0,"",.0,""
"351150400","ZIELONA GÓRA","2018","04","08",2.1,"",3.5,"",13.2,"",9.1,"",62.1,"",990.2,"",1013.2,"",3.2,"",.0,""
"351150400","ZIELONA GÓRA","2018","04","09",.6,"",2.4,"",13.7,"",9.8,"",65.6,"",984.7,"",1007.6,"",.0,"",.0,""
"351150400","ZIELONA GÓRA","2018","04","10",2.0,"",3.4,"",16.9,"",9.4,"",50.4,"",984.0,"",1006.5,"",.0,"",.0,""
"351150400","ZIELONA GÓRA","2018","04","11",4.8,"",4.0,"",13.7,"",12.0,"",77.4,"",987.0,"",1009.9,"",.0,"",.0,""
"351150400","ZIELONA GÓRA","2018","04","12",4.9,"",4.4,"",16.1,"",11.7,"",67.3,"",985.0,"",1007.6,"",.0,"",.0,""
"351150400","ZIELONA GÓRA","2018","04","13",6.3,"",3.8,"",15.7,"",12.2,"",68.6,"",985.8,"",1008.6,"",.0,"",.6,""
"351150400","ZIELONA GÓRA","2018","04","14",5.4,"",3.5,"",14.1,"",10.3,"",66.5,"",994.6,"",1017.7,"",.0,"",.0,""
"351150400","ZIELONA GÓRA","2018","04","15",7.0,"",2.5,"",16.5,"",10.0,"",54.1,"",991.8,"",1014.6,"",.0,"",3.3,""
"351150400","ZIELONA GÓRA","2018","04","16",7.9,"",2.3,"",13.6,"",13.5,"",88.0,"",989.2,"",1012.2,"",14.4,"",.2,""
"351150400","ZIELONA GÓRA","2018","04","17",4.8,"",2.6,"",12.6,"",10.9,"",77.4,"",1001.4,"",1024.7,"",.0,"",.0,""
"351150400","ZIELONA GÓRA","2018","04","18",1.0,"",1.9,"",16.2,"",9.9,"",54.6,"",1008.5,"",1031.7,"",.0,"",.0,""
"351150400","ZIELONA GÓRA","2018","04","19",.9,"",1.6,"",18.4,"",12.3,"",58.6,"",1007.8,"",1030.7,"",.0,"",.0,""
"351150400","ZIELONA GÓRA","2018","04","20",1.6,"",2.4,"",19.3,"",13.3,"",61.3,"",1001.8,"",1024.5,"",.0,"",.0,""
"351150400","ZIELONA GÓRA","2018","04","21",2.0,"",3.0,"",18.5,"",10.4,"",49.4,"",995.6,"",1018.3,"",.0,"",.0,""
"351150400","ZIELONA GÓRA","2018","04","22",3.8,"",2.0,"",15.4,"",7.9,"",46.1,"",993.8,"",1016.7,"",.0,"",5.3,""
"351150400","ZIELONA GÓRA","2018","04","23",6.3,"",3.4,"",16.3,"",12.5,"",68.4,"",989.0,"",1011.8,"",.1,"",.0,""
"351150400","ZIELONA GÓRA","2018","04","24",5.3,"",3.1,"",12.6,"",10.8,"",75.8,"",991.5,"",1014.6,"",.6,"",.0,""
"351150400","ZIELONA GÓRA","2018","04","25",6.0,"",4.3,"",12.8,"",10.4,"",71.9,"",985.7,"",1008.6,"",.9,"",.0,""
"351150400","ZIELONA GÓRA","2018","04","26",3.4,"",3.4,"",9.9,"",8.3,"",68.4,"",990.0,"",1013.3,"",.5,"",.0,""
"351150400","ZIELONA GÓRA","2018","04","27",4.5,"",2.1,"",10.0,"",7.6,"",64.4,"",992.7,"",1016.0,"",.0,"",.0,""
"351150400","ZIELONA GÓRA","2018","04","28",3.6,"",2.8,"",16.1,"",8.5,"",49.4,"",988.5,"",1011.2,"",.0,"",1.4,""
"351150400","ZIELONA GÓRA","2018","04","29",3.4,"",2.5,"",18.8,"",12.8,"",60.5,"",987.1,"",1009.6,"",.0,"",.0,""
"351150400","ZIELONA GÓRA","2018","04","30",2.4,"",4.3,"",18.3,"",11.9,"",57.5,"",980.1,"",1002.4,"",.0,"",.0,""
"351150400","ZIELONA GÓRA","2018","05","01",4.6,"",2.8,"",13.7,"",8.3,"",53.4,"",987.5,"",1010.4,"",.0,"",.0,""
"351150400","ZIELONA GÓRA","2018","05","02",5.4,"",3.1,"",11.5,"",8.0,"",58.6,"",991.7,"",1014.9,"",.1,"",3.4,""
"351150400","ZIELONA GÓRA","2018","05","03",6.0,"",2.6,"",13.7,"",12.2,"",77.8,"",990.5,"",1013.5,"",.0,"",.0,""
"351150400","ZIELONA GÓRA","2018","05","04",1.8,"",2.5,"",11.9,"",7.6,"",56.0,"",999.3,"",1022.7,"",.0,"",.0,""
"351150400","ZIELONA GÓRA","2018","05","05",1.4,"",2.6,"",12.8,"",7.0,"",49.6,"",1003.2,"",1026.6,"",.0,"",.0,""
"351150400","ZIELONA GÓRA","2018","05","06",.9,"",2.9,"",14.4,"",8.1,"",50.0,"",1003.4,"",1026.6,"",.0,"",.0,""
"351150400","ZIELONA GÓRA","2018","05","07",.1,"",2.8,"",17.2,"",9.4,"",49.4,"",999.8,"",1022.7,"",.0,"",.0,""
"351150400","ZIELONA GÓRA","2018","05","08",.1,"",3.5,"",18.8,"",9.5,"",46.1,"",993.4,"",1016.1,"",.0,"",.0,""
"351150400","ZIELONA GÓRA","2018","05","09",3.5,"",3.0,"",19.6,"",11.9,"",53.0,"",988.0,"",1010.4,"",.0,"",.0,""
"351150400","ZIELONA GÓRA","2018","05","10",5.4,"",3.1,"",19.0,"",14.7,"",68.9,"",987.4,"",1009.9,"",.6,"",.1,""
"351150400","ZIELONA GÓRA","2018","05","11",6.3,"",2.3,"",15.3,"",14.8,"",85.6,"",995.3,"",1018.2,"",.0,"",.0,""
"351150400","ZIELONA GÓRA","2018","05","12",4.9,"",1.8,"",17.8,"",15.5,"",77.6,"",995.0,"",1017.8,"",.0,"",.0,""
"351150400","ZIELONA GÓRA","2018","05","13",.5,"",3.3,"",19.7,"",10.4,"",47.9,"",991.4,"",1013.9,"",.0,"",.0,""
"351150400","ZIELONA GÓRA","2018","05","14",2.4,"",3.5,"",17.6,"",8.9,"",45.3,"",992.0,"",1014.7,"",.0,"",.0,""
"351150400","ZIELONA GÓRA","2018","05","15",5.6,"",3.0,"",15.3,"",9.9,"",57.1,"",990.7,"",1013.5,"",.0,"",.6,""
"351150400","ZIELONA GÓRA","2018","05","16",7.4,"",2.0,"",14.7,"",13.4,"",80.4,"",987.9,"",1010.8,"",3.8,"",1.3,""
"351150400","ZIELONA GÓRA","2018","05","17",7.3,"",2.9,"",15.3,"",14.5,"",84.0,"",988.1,"",1010.9,"",.1,"",.0,""
"351150400","ZIELONA GÓRA","2018","05","18",5.9,"",4.3,"",12.8,"",11.9,"",80.9,"",994.2,"",1017.3,"",.0,"",.0,""
"351150400","ZIELONA GÓRA","2018","05","19",4.4,"",2.5,"",14.6,"",8.1,"",53.8,"",998.3,"",1021.4,"",.0,"",.0,""
"351150400","ZIELONA GÓRA","2018","05","20",.8,"",2.5,"",15.6,"",7.8,"",44.6,"",1001.8,"",1024.9,"",.0,"",.0,""
"351150400","ZIELONA GÓRA","2018","05","21",.9,"",3.5,"",16.9,"",8.7,"",47.0,"",998.7,"",1021.6,"",.0,"",.0,""
"351150400","ZIELONA GÓRA","2018","05","22",1.3,"",2.1,"",17.9,"",8.6,"",43.5,"",993.5,"",1016.2,"",.0,"",.0,""
"351150400","ZIELONA GÓRA","2018","05","23",3.4,"",3.3,"",20.1,"",9.5,"",41.1,"",997.6,"",1020.2,"",.0,"",.0,""
"351150400","ZIELONA GÓRA","2018","05","24",5.0,"",4.3,"",18.6,"",11.2,"",54.0,"",1000.3,"",1023.1,"",.0,"",.0,""
"351150400","ZIELONA GÓRA","2018","05","25",2.0,"",3.4,"",19.2,"",11.0,"",51.5,"",998.2,"",1020.9,"",.0,"",.0,""
"351150400","ZIELONA GÓRA","2018","05","26",1.9,"",2.1,"",20.1,"",11.7,"",53.1,"",999.1,"",1021.8,"",.0,"",.0,""
"351150400","ZIELONA GÓRA","2018","05","27",3.6,"",2.3,"",22.2,"",13.0,"",49.9,"",998.5,"",1020.9,"",.0,"",.0,""
"351150400","ZIELONA GÓRA","2018","05","28",2.4,"",2.8,"",23.9,"",14.9,"",52.3,"",998.2,"",1020.6,"",.0,"",.0,""
"351150400","ZIELONA GÓRA","2018","05","29",.6,"",3.3,"",23.7,"",11.9,"",42.8,"",995.1,"",1017.4,"",.0,"",.0,""
"351150400","ZIELONA GÓRA","2018","05","30",3.4,"",2.9,"",23.0,"",15.1,"",55.3,"",993.2,"",1015.5,"",.0,"",.0,""
"351150400","ZIELONA GÓRA","2018","05","31",2.6,"",2.3,"",24.7,"",14.3,"",47.9,"",993.3,"",1015.4,"",.0,"",.0,""
"351150400","ZIELONA GÓRA","2018","06","01",3.8,"",2.8,"",23.9,"",15.4,"",55.3,"",992.2,"",1014.4,"",.0,"",.0,""
"351150400","ZIELONA GÓRA","2018","06","02",6.4,"",3.0,"",20.5,"",18.4,"",77.8,"",992.4,"",1014.8,"",.0,"",.0,""
"351150400","ZIELONA GÓRA","2018","06","03",6.0,"",3.0,"",20.1,"",18.7,"",80.9,"",993.6,"",1016.1,"",.0,"",.0,""
"351150400","ZIELONA GÓRA","2018","06","04",2.6,"",2.6,"",21.5,"",16.9,"",67.9,"",989.1,"",1011.5,"",.0,"",.0,""
"351150400","ZIELONA GÓRA","2018","06","05",2.6,"",3.1,"",19.2,"",14.9,"",68.1,"",989.0,"",1011.5,"",.0,"",.0,""
"351150400","ZIELONA GÓRA","2018","06","06",2.3,"",3.4,"",15.7,"",6.9,"",41.0,"",996.0,"",1018.9,"",.0,"",.0,""
"351150400","ZIELONA GÓRA","2018","06","07",.8,"",3.0,"",18.3,"",7.9,"",38.6,"",995.8,"",1018.5,"",.0,"",.0,""
"351150400","ZIELONA GÓRA","2018","06","08",2.0,"",2.1,"",23.3,"",11.9,"",42.5,"",991.5,"",1013.8,"",.0,"",.0,""
"351150400","ZIELONA GÓRA","2018","06","09",5.3,"",3.0,"",23.7,"",13.8,"",47.5,"",990.0,"",1012.2,"",.0,"",.0,""
"351150400","ZIELONA GÓRA","2018","06","10",6.8,"",2.1,"",22.3,"",17.3,"",66.0,"",987.6,"",1009.8,"",1.0,"",2.5,""
"351150400","ZIELONA GÓRA","2018","06","11",5.6,"",2.8,"",19.9,"",16.4,"",72.6,"",987.3,"",1009.7,"",.0,"",.0,""
"351150400","ZIELONA GÓRA","2018","06","12",4.4,"",2.8,"",17.9,"",12.1,"",60.5,"",986.1,"",1008.7,"",.0,"",.0,""
"351150400","ZIELONA GÓRA","2018","06","13",6.8,"",2.1,"",15.6,"",11.7,"",67.0,"",988.3,"",1011.1,"",.0,"",.0,""
"351150400","ZIELONA GÓRA","2018","06","14",4.8,"",2.3,"",16.3,"",11.0,"",61.4,"",992.4,"",1015.2,"",.0,"",.0,""
"351150400","ZIELONA GÓRA","2018","06","15",6.0,"",1.9,"",19.0,"",11.2,"",52.1,"",993.5,"",1016.1,"",.0,"",.0,""
"351150400","ZIELONA GÓRA","2018","06","16",7.0,"",1.4,"",20.9,"",13.0,"",54.0,"",994.0,"",1016.5,"",.0,"",.0,""
"351150400","ZIELONA GÓRA","2018","06","17",6.9,"",2.6,"",22.8,"",13.3,"",50.1,"",992.4,"",1014.7,"",.0,"",1.0,""
"351150400","ZIELONA GÓRA","2018","06","18",4.3,"",2.8,"",20.0,"",12.3,"",53.5,"",996.4,"",1019.0,"",.0,"",.0,""
"351150400","ZIELONA GÓRA","2018","06","19",5.6,"",2.8,"",20.5,"",13.6,"",57.1,"",998.2,"",1020.8,"",.0,"",.0,""
"351150400","ZIELONA GÓRA","2018","06","20",2.9,"",2.1,"",22.2,"",14.4,"",55.4,"",998.3,"",1020.8,"",.0,"",.0,""
"351150400","ZIELONA GÓRA","2018","06","21",4.1,"",4.4,"",20.7,"",12.7,"",52.0,"",989.5,"",1011.9,"",.0,"",.0,""
"351150400","ZIELONA GÓRA","2018","06","22",4.4,"",3.5,"",12.2,"",8.8,"",63.6,"",993.9,"",1017.1,"",.0,"",2.9,""
"351150400","ZIELONA GÓRA","2018","06","23",5.6,"",4.1,"",12.7,"",10.3,"",70.9,"",995.0,"",1018.2,"",.0,"",.0,""
"351150400","ZIELONA GÓRA","2018","06","24",7.5,"",3.0,"",12.6,"",12.9,"",88.9,"",994.6,"",1017.8,"",3.7,"",7.3,""
"351150400","ZIELONA GÓRA","2018","06","25",6.5,"",2.9,"",15.6,"",13.0,"",76.3,"",996.6,"",1019.6,"",.0,"",.5,""
"351150400","ZIELONA GÓRA","2018","06","26",5.4,"",3.0,"",15.8,"",14.6,"",82.6,"",998.4,"",1021.4,"",.2,"",1.2,""
"351150400","ZIELONA GÓRA","2018","06","27",4.1,"",2.5,"",17.8,"",13.4,"",68.5,"",1000.8,"",1023.6,"",.0,"",.0,""
"351150400","ZIELONA GÓRA","2018","06","28",6.8,"",2.4,"",20.3,"",14.3,"",61.1,"",996.5,"",1019.1,"",.0,"",.0,""
"351150400","ZIELONA GÓRA","2018","06","29",3.1,"",3.1,"",22.0,"",13.7,"",54.1,"",991.8,"",1014.1,"",.0,"",.0,""
"351150400","ZIELONA GÓRA","2018","06","30",3.1,"",2.8,"",15.1,"",8.4,"",50.9,"",995.5,"",1018.4,"",.0,"",.0,""
"351150400","ZIELONA GÓRA","2018","07","01",2.8,"",2.0,"",14.5,"",8.0,"",50.3,"",996.8,"",1019.9,"",.0,"",.0,""
"351150400","ZIELONA GÓRA","2018","07","02",3.4,"",2.1,"",16.1,"",8.9,"",50.8,"",994.7,"",1017.6,"",.0,"",.0,""
"351150400","ZIELONA GÓRA","2018","07","03",1.0,"",2.4,"",20.4,"",8.2,"",35.8,"",992.9,"",1015.4,"",.0,"",.0,""
"351150400","ZIELONA GÓRA","2018","07","04",.8,"",2.1,"",23.8,"",8.9,"",31.0,"",991.2,"",1013.4,"",.0,"",.0,""
"351150400","ZIELONA GÓRA","2018","07","05",3.5,"",2.3,"",24.7,"",12.2,"",40.5,"",987.9,"",1010.0,"",.0,"",.2,""
"351150400","ZIELONA GÓRA","2018","07","06",5.0,"",3.0,"",18.6,"",14.1,"",66.3,"",992.0,"",1014.6,"",.0,"",.0,""
"351150400","ZIELONA GÓRA","2018","07","07",2.5,"",3.3,"",18.5,"",9.8,"",48.0,"",995.4,"",1018.1,"",.0,"",.0,""
"351150400","ZIELONA GÓRA","2018","07","08",4.5,"",2.9,"",20.4,"",13.0,"",55.1,"",995.9,"",1018.5,"",.0,"",.0,""
"351150400","ZIELONA GÓRA","2018","07","09",3.6,"",3.0,"",21.2,"",13.2,"",54.0,"",994.3,"",1016.8,"",.0,"",.0,""
"351150400","ZIELONA GÓRA","2018","07","10",7.4,"",2.0,"",16.3,"",13.1,"",71.4,"",992.6,"",1015.4,"",.0,"",6.0,""
"351150400","ZIELONA GÓRA","2018","07","11",7.4,"",1.4,"",16.0,"",15.5,"",86.9,"",991.4,"",1014.2,"",.0,"",.6,""
"351150400","ZIELONA GÓRA","2018","07","12",6.4,"",2.4,"",15.5,"",14.5,"",83.1,"",989.9,"",1012.7,"",.0,"",.1,""
"351150400","ZIELONA GÓRA","2018","07","13",5.6,"",3.0,"",18.6,"",16.5,"",79.5,"",992.9,"",1015.5,"",7.4,"",.1,""
"351150400","ZIELONA GÓRA","2018","07","14",2.3,"",3.3,"",20.1,"",15.1,"",66.5,"",994.3,"",1016.9,"",.0,"",.0,""
"351150400","ZIELONA GÓRA","2018","07","15",.8,"",2.5,"",19.7,"",12.8,"",58.9,"",993.9,"",1016.5,"",.0,"",.0,""
"351150400","ZIELONA GÓRA","2018","07","16",3.0,"",2.3,"",21.2,"",14.5,"",60.4,"",990.8,"",1013.2,"",.0,"",5.1,""
"351150400","ZIELONA GÓRA","2018","07","17",7.4,"",3.1,"",19.0,"",18.8,"",86.0,"",987.9,"",1010.4,"",1.2,"",7.8,""
"351150400","ZIELONA GÓRA","2018","07","18",7.9,"",3.6,"",18.4,"",19.4,"",92.1,"",989.6,"",1012.1,"",2.5,"",.5,""
"351150400","ZIELONA GÓRA","2018","07","19",6.9,"",3.9,"",17.5,"",18.6,"",92.9,"",992.2,"",1014.9,"",7.0,"",.0,""
"351150400","ZIELONA GÓRA","2018","07","20",2.4,"",2.4,"",20.5,"",13.2,"",57.0,"",992.0,"",1014.5,"",.0,"",.0,""
"351150400","ZIELONA GÓRA","2018","07","21",3.4,"",1.8,"",21.4,"",12.8,"",52.0,"",989.7,"",1012.1,"",.0,"",.0,""
"351150400","ZIELONA GÓRA","2018","07","22",5.4,"",1.8,"",21.0,"",13.1,"",54.4,"",990.0,"",1012.4,"",.0,"",.0,""
"351150400","ZIELONA GÓRA","2018","07","23",2.1,"",2.3,"",23.4,"",14.0,"",49.8,"",992.1,"",1014.4,"",.6,"",.0,""
"351150400","ZIELONA GÓRA","2018","07","24",1.9,"",2.0,"",23.0,"",16.9,"",61.6,"",992.7,"",1015.0,"",.0,"",.0,""
"351150400","ZIELONA GÓRA","2018","07","25",1.6,"",2.3,"",23.7,"",16.5,"",58.3,"",992.4,"",1014.7,"",.0,"",.0,""
"351150400","ZIELONA GÓRA","2018","07","26",2.6,"",2.4,"",24.9,"",16.4,"",53.8,"",993.8,"",1016.0,"",.0,"",.0,""
"351150400","ZIELONA GÓRA","2018","07","27",4.1,"",2.1,"",24.1,"",19.8,"",67.1,"",992.8,"",1015.0,"",.0,"",.0,""
"351150400","ZIELONA GÓRA","2018","07","28",3.4,"",2.3,"",25.0,"",18.6,"",61.1,"",988.2,"",1010.2,"",.0,"",.0,""
"351150400","ZIELONA GÓRA","2018","07","29",3.9,"",2.9,"",23.5,"",18.1,"",64.5,"",992.6,"",1014.8,"",.0,"",.0,""
"351150400","ZIELONA GÓRA","2018","07","30",1.6,"",2.1,"",25.7,"",16.7,"",54.0,"",994.9,"",1017.0,"",.0,"",.0,""
"351150400","ZIELONA GÓRA","2018","07","31",.6,"",1.6,"",27.7,"",17.5,"",48.5,"",994.9,"",1016.9,"",.0,"",.0,""
"351150400","ZIELONA GÓRA","2018","08","01",.6,"",2.0,"",28.6,"",17.6,"",46.5,"",996.2,"",1018.1,"",.0,"",.0,""
"351150400","ZIELONA GÓRA","2018","08","02",4.0,"",2.3,"",27.6,"",19.8,"",54.5,"",998.0,"",1020.1,"",.0,"",.0,""
"351150400","ZIELONA GÓRA","2018","08","03",1.6,"",2.3,"",26.2,"",16.1,"",49.3,"",998.5,"",1020.7,"",.0,"",.0,""
"351150400","ZIELONA GÓRA","2018","08","04",2.8,"",2.1,"",26.4,"",15.1,"",44.8,"",994.6,"",1016.7,"",.0,"",1.5,""
"351150400","ZIELONA GÓRA","2018","08","05",3.6,"",3.6,"",22.2,"",15.9,"",60.6,"",995.4,"",1017.8,"",.0,"",.0,""
"351150400","ZIELONA GÓRA","2018","08","06",2.0,"",1.9,"",21.8,"",12.2,"",48.4,"",996.1,"",1018.6,"",.0,"",.0,""
"351150400","ZIELONA GÓRA","2018","08","07",1.0,"",2.9,"",25.9,"",11.9,"",38.1,"",992.4,"",1014.5,"",.0,"",.0,""
"351150400","ZIELONA GÓRA","2018","08","08",3.4,"",2.9,"",26.8,"",16.1,"",46.0,"",990.0,"",1011.9,"",.0,"",.0,""
"351150400","ZIELONA GÓRA","2018","08","09",3.8,"",3.1,"",27.2,"",18.3,"",51.9,"",991.2,"",1013.2,"",.0,"",.0,""
"351150400","ZIELONA GÓRA","2018","08","10",5.0,"",3.4,"",21.4,"",15.4,"",61.0,"",996.8,"",1019.4,"",.2,"",.0,""
"351150400","ZIELONA GÓRA","2018","08","11",3.1,"",3.3,"",18.4,"",12.4,"",61.3,"",997.6,"",1020.4,"",1.7,"",.0,""
"351150400","ZIELONA GÓRA","2018","08","12",4.1,"",2.4,"",19.8,"",9.4,"",42.6,"",995.1,"",1017.7,"",.0,"",.0,""
"351150400","ZIELONA GÓRA","2018","08","13",4.1,"",2.8,"",24.7,"",10.9,"",36.9,"",986.3,"",1008.3,"",.0,"",3.4,""
"351150400","ZIELONA GÓRA","2018","08","14",6.9,"",3.0,"",21.0,"",16.1,"",66.9,"",988.1,"",1010.5,"",.0,"",.0,""
"351150400","ZIELONA GÓRA","2018","08","15",5.8,"",2.8,"",19.9,"",14.9,"",66.3,"",994.6,"",1017.2,"",.0,"",.0,""
"351150400","ZIELONA GÓRA","2018","08","16",3.6,"",1.9,"",22.3,"",13.1,"",49.9,"",995.9,"",1018.3,"",.0,"",.0,""
"351150400","ZIELONA GÓRA","2018","08","17",2.0,"",2.0,"",24.0,"",13.8,"",48.9,"",992.7,"",1015.0,"",.0,"",.3,""
"351150400","ZIELONA GÓRA","2018","08","18",4.9,"",2.5,"",21.8,"",17.0,"",66.9,"",997.1,"",1019.6,"",.0,"",.0,""
"351150400","ZIELONA GÓRA","2018","08","19",3.4,"",1.8,"",24.4,"",14.3,"",48.0,"",997.1,"",1019.4,"",.0,"",.0,""
"351150400","ZIELONA GÓRA","2018","08","20",3.1,"",3.8,"",23.1,"",15.0,"",53.3,"",993.7,"",1016.0,"",.0,"",.0,""
"351150400","ZIELONA GÓRA","2018","08","21",4.8,"",2.5,"",20.2,"",13.3,"",57.1,"",997.7,"",1020.3,"",.0,"",.0,""
"351150400","ZIELONA GÓRA","2018","08","22",1.8,"",2.0,"",21.6,"",12.7,"",49.9,"",996.6,"",1019.1,"",.0,"",.0,""
"351150400","ZIELONA GÓRA","2018","08","23",2.0,"",1.9,"",25.7,"",13.7,"",43.8,"",989.9,"",1011.9,"",.0,"",.0,""
"351150400","ZIELONA GÓRA","2018","08","24",7.3,"",2.6,"",20.7,"",16.6,"",68.0,"",986.3,"",1008.6,"",11.2,"",.0,""
"351150400","ZIELONA GÓRA","2018","08","25",7.8,"",2.3,"",16.3,"",11.4,"",61.6,"",987.8,"",1010.5,"",.1,"",.0,""
"351150400","ZIELONA GÓRA","2018","08","26",4.9,"",2.8,"",14.4,"",9.3,"",57.9,"",992.5,"",1015.5,"",.0,"",.0,""
"351150400","ZIELONA GÓRA","2018","08","27",5.4,"",2.9,"",17.0,"",8.8,"",48.1,"",992.0,"",1014.8,"",.0,"",.0,""
"351150400","ZIELONA GÓRA","2018","08","28",4.0,"",2.6,"",18.3,"",11.8,"",57.3,"",996.1,"",1018.8,"",.0,"",.0,""
"351150400","ZIELONA GÓRA","2018","08","29",.6,"",2.8,"",19.5,"",10.4,"",47.8,"",994.8,"",1017.4,"",.0,"",.0,""
"351150400","ZIELONA GÓRA","2018","08","30",6.6,"",2.6,"",17.5,"",14.3,"",71.9,"",991.5,"",1014.2,"",.3,"",.0,""
"351150400","ZIELONA GÓRA","2018","08","31",6.6,"",2.4,"",16.5,"",13.4,"",72.5,"",996.8,"",1019.7,"",.0,"",.0,""
"351150400","ZIELONA GÓRA","2018","09","01",8.0,"",1.8,"",15.1,"",14.0,"",82.1,"",1001.2,"",1024.3,"",5.2,"",4.4,""
"351150400","ZIELONA GÓRA","2018","09","02",6.4,"",3.0,"",18.6,"",16.3,"",78.0,"",1000.3,"",1023.2,"",.0,"",.0,""
"351150400","ZIELONA GÓRA","2018","09","03",2.8,"",3.0,"",21.4,"",16.3,"",65.1,"",995.7,"",1018.2,"",.0,"",.0,""
"351150400","ZIELONA GÓRA","2018","09","04",3.8,"",2.1,"",20.2,"",14.3,"",62.4,"",993.0,"",1015.5,"",.0,"",.0,""
"351150400","ZIELONA GÓRA","2018","09","05",1.8,"",2.1,"",19.2,"",13.8,"",63.5,"",995.0,"",1017.6,"",.0,"",.0,""
"351150400","ZIELONA GÓRA","2018","09","06",.8,"",2.1,"",18.5,"",14.5,"",69.6,"",991.7,"",1014.3,"",.0,"",.0,""
"351150400","ZIELONA GÓRA","2018","09","07",5.0,"",1.9,"",18.0,"",14.6,"",71.1,"",989.8,"",1012.4,"",.0,"",.0,""
"351150400","ZIELONA GÓRA","2018","09","08",2.5,"",2.3,"",17.2,"",11.3,"",59.8,"",996.8,"",1019.7,"",.0,"",.0,""
"351150400","ZIELONA GÓRA","2018","09","09",3.8,"",1.8,"",18.3,"",9.4,"",46.0,"",998.8,"",1021.6,"",.0,"",.0,""
"351150400","ZIELONA GÓRA","2018","09","10",4.4,"",1.9,"",20.6,"",10.2,"",42.8,"",998.4,"",1021.0,"",.0,"",.0,""
"351150400","ZIELONA GÓRA","2018","09","11",6.6,"",2.4,"",20.2,"",12.0,"",51.9,"",997.8,"",1020.4,"",.0,"",.0,""
"351150400","ZIELONA GÓRA","2018","09","12",.9,"",3.0,"",21.7,"",12.1,"",48.8,"",996.5,"",1019.0,"",.0,"",.0,""
"351150400","ZIELONA GÓRA","2018","09","13",6.1,"",2.3,"",14.3,"",13.5,"",83.9,"",997.3,"",1020.4,"",3.1,"",1.0,""
"351150400","ZIELONA GÓRA","2018","09","14",7.1,"",1.5,"",13.5,"",14.7,"",95.5,"",997.3,"",1020.4,"",.2,"",.0,""
"351150400","ZIELONA GÓRA","2018","09","15",4.3,"",2.9,"",15.4,"",11.8,"",70.5,"",998.2,"",1021.3,"",.0,"",.0,""
"351150400","ZIELONA GÓRA","2018","09","16",6.5,"",1.3,"",16.0,"",10.7,"",60.5,"",1001.3,"",1024.4,"",.0,"",.0,""
"351150400","ZIELONA GÓRA","2018","09","17",5.8,"",1.8,"",18.9,"",10.6,"",51.6,"",997.8,"",1020.6,"",.0,"",.0,""
"351150400","ZIELONA GÓRA","2018","09","18",3.5,"",2.3,"",21.7,"",12.5,"",49.4,"",994.5,"",1017.0,"",.0,"",.0,""
"351150400","ZIELONA GÓRA","2018","09","19",1.6,"",2.1,"",22.1,"",14.2,"",54.3,"",995.2,"",1017.6,"",.0,"",.0,""
"351150400","ZIELONA GÓRA","2018","09","20",3.8,"",2.0,"",23.3,"",14.5,"",51.8,"",995.0,"",1017.3,"",.0,"",.0,""
"351150400","ZIELONA GÓRA","2018","09","21",4.4,"",4.1,"",21.4,"",13.8,"",58.5,"",988.0,"",1010.3,"",3.5,"",4.6,""
"351150400","ZIELONA GÓRA","2018","09","22",7.1,"",3.5,"",12.4,"",9.8,"",69.0,"",994.1,"",1017.3,"",.0,"",.1,""
"351150400","ZIELONA GÓRA","2018","09","23",7.6,"",3.3,"",10.6,"",10.4,"",82.1,"",988.6,"",1011.8,"",18.4,"",10.7,""
"351150400","ZIELONA GÓRA","2018","09","24",5.4,"",5.3,"",8.3,"",8.5,"",78.4,"",997.2,"",1020.8,"",.2,"",.0,""
"351150400","ZIELONA GÓRA","2018","09","25",2.8,"",3.3,"",7.8,"",7.0,"",68.9,"",1011.0,"",1034.9,"",.0,"",.0,""
"351150400","ZIELONA GÓRA","2018","09","26",5.4,"",3.4,"",9.6,"",6.5,"",56.6,"",1009.7,"",1033.5,"",.0,"",.0,""
"351150400","ZIELONA GÓRA","2018","09","27",5.0,"",3.4,"",15.6,"",10.8,"",60.1,"",1002.6,"",1025.7,"",.0,"",.0,""
"351150400","ZIELONA GÓRA","2018","09","28",3.3,"",3.6,"",13.0,"",8.8,"",58.5,"",997.3,"",1020.5,"",.0,"",.0,""
"351150400","ZIELONA GÓRA","2018","09","29",.5,"",2.0,"",9.0,"",6.7,"",60.1,"",1003.9,"",1027.6,"",.0,"",.0,""
"351150400","ZIELONA GÓRA","2018","09","30",1.3,"",2.4,"",10.5,"",6.5,"",53.0,"",996.1,"",1019.5,"",.0,"",.0,""
"351150400","ZIELONA GÓRA","2018","10","01",4.5,"",2.6,"",10.1,"",7.9,"",64.8,"",988.6,"",1011.8,"",.0,"",.1,""
"351150400","ZIELONA GÓRA","2018","10","02",7.3,"",3.9,"",7.6,"",8.4,"",81.1,"",991.4,"",1014.9,"",.2,"",1.9,""
"351150400","ZIELONA GÓRA","2018","10","03",5.4,"",4.8,"",9.1,"",9.1,"",78.9,"",992.5,"",1015.9,"",.4,"",.0,""
"351150400","ZIELONA GÓRA","2018","10","04",4.8,"",2.9,"",10.0,"",9.3,"",76.6,"",1002.4,"",1026.0,"",.0,"",.0,""
"351150400","ZIELONA GÓRA","2018","10","05",3.1,"",2.8,"",13.8,"",9.4,"",61.1,"",1000.0,"",1023.2,"",.0,"",.0,""
"351150400","ZIELONA GÓRA","2018","10","06",4.1,"",3.3,"",14.4,"",10.0,"",62.3,"",990.4,"",1013.3,"",.0,"",.0,""
"351150400","ZIELONA GÓRA","2018","10","07",6.5,"",3.0,"",13.2,"",10.3,"",67.4,"",992.0,"",1015.1,"",.0,"",.0,""
"351150400","ZIELONA GÓRA","2018","10","08",3.6,"",2.0,"",9.3,"",8.6,"",75.1,"",1000.2,"",1023.8,"",.0,"",.0,""
"351150400","ZIELONA GÓRA","2018","10","09",5.9,"",1.9,"",12.3,"",11.0,"",77.3,"",1000.5,"",1023.8,"",.0,"",.0,""
"351150400","ZIELONA GÓRA","2018","10","10",2.1,"",2.5,"",16.3,"",13.2,"",73.0,"",1001.0,"",1024.0,"",.0,"",.0,""
"351150400","ZIELONA GÓRA","2018","10","11",.6,"",4.8,"",17.3,"",12.0,"",62.3,"",997.9,"",1020.8,"",.0,"",.0,""
"351150400","ZIELONA GÓRA","2018","10","12",.0,"",2.8,"",17.6,"",11.3,"",57.5,"",1001.0,"",1023.9,"",.0,"",.0,""
"351150400","ZIELONA GÓRA","2018","10","13",.0,"",2.4,"",16.9,"",11.1,"",58.4,"",1002.4,"",1025.4,"",.0,"",.0,""
"351150400","ZIELONA GÓRA","2018","10","14",.0,"",4.1,"",17.1,"",9.9,"",52.6,"",996.2,"",1019.0,"",.0,"",.0,""
"351150400","ZIELONA GÓRA","2018","10","15",.8,"",3.4,"",17.0,"",7.9,"",42.4,"",994.8,"",1017.7,"",.0,"",.0,""
"351150400","ZIELONA GÓRA","2018","10","16",.5,"",1.8,"",15.6,"",9.0,"",51.4,"",996.1,"",1019.0,"",.0,"",.0,""
"351150400","ZIELONA GÓRA","2018","10","17",.8,"",1.3,"",15.2,"",10.3,"",60.3,"",996.9,"",1019.9,"",.0,"",.0,""
"351150400","ZIELONA GÓRA","2018","10","18",1.6,"",1.8,"",14.3,"",11.2,"",69.9,"",997.0,"",1020.1,"",.0,"",.0,""
"351150400","ZIELONA GÓRA","2018","10","19",7.9,"",1.9,"",11.3,"",12.2,"",91.3,"",1000.9,"",1024.3,"",.0,"",.0,""
"351150400","ZIELONA GÓRA","2018","10","20",7.1,"",2.6,"",8.7,"",8.1,"",73.1,"",1003.8,"",1027.5,"",.0,"",.0,""
"351150400","ZIELONA GÓRA","2018","10","21",2.4,"",1.4,"",8.7,"",8.6,"",76.9,"",1005.0,"",1028.7,"",.0,"",.0,""
"351150400","ZIELONA GÓRA","2018","10","22",4.3,"",2.6,"",6.5,"",8.9,"",91.0,"",1003.1,"",1027.0,"",1.8,"",.0,""
"351150400","ZIELONA GÓRA","2018","10","23",6.6,"",4.9,"",6.2,"",8.9,"",92.4,"",990.4,"",1014.0,"",11.7,"",9.1,""
"351150400","ZIELONA GÓRA","2018","10","24",3.3,"",5.5,"",7.3,"",7.3,"",71.3,"",987.6,"",1011.1,"",.0,"",.9,""
"351150400","ZIELONA GÓRA","2018","10","25",7.1,"",4.9,"",9.2,"",10.0,"",85.1,"",986.9,"",1010.1,"",.9,"",.0,""
"351150400","ZIELONA GÓRA","2018","10","26",7.3,"",2.8,"",9.3,"",9.0,"",76.9,"",984.4,"",1007.6,"",.0,"",.0,""
"351150400","ZIELONA GÓRA","2018","10","27",6.8,"",3.1,"",7.7,"",7.4,"",70.9,"",982.3,"",1005.5,"",.0,"",.0,""
"351150400","ZIELONA GÓRA","2018","10","28",7.8,"",2.9,"",4.0,"",7.2,"",89.4,"",990.3,"",1014.1,"",5.9,"",8.4,""
"351150400","ZIELONA GÓRA","2018","10","29",8.0,"",3.9,"",3.1,"",7.4,"",96.6,"",984.7,"",1008.4,"",.0,"",.0,""
"351150400","ZIELONA GÓRA","2018","10","30",4.5,"",5.4,"",15.0,"",10.7,"",63.6,"",975.6,"",998.2,"",.0,"",.0,""
"351150400","ZIELONA GÓRA","2018","10","31",1.9,"",3.0,"",9.6,"",6.9,"",58.3,"",995.0,"",1018.4,"",.0,"",.0,""
"351150400","ZIELONA GÓRA","2018","11","01",6.6,"",3.0,"",11.5,"",9.7,"",72.0,"",991.8,"",1015.0,"",.0,"",.0,""
"351150400","ZIELONA GÓRA","2018","11","02",5.3,"",2.0,"",10.8,"",9.2,"",71.3,"",998.6,"",1022.0,"",.0,"",1.1,""
"351150400","ZIELONA GÓRA","2018","11","03",7.6,"",1.5,"",8.9,"",10.5,"",91.8,"",1005.2,"",1028.9,"",.0,"",.0,""
"351150400","ZIELONA GÓRA","2018","11","04",8.0,"",2.6,"",9.1,"",11.4,"",98.3,"",998.6,"",1022.1,"",.0,"",.0,""
"351150400","ZIELONA GÓRA","2018","11","05",6.6,"",3.6,"",11.8,"",10.7,"",78.9,"",992.0,"",1015.2,"",.0,"",.0,""
"351150400","ZIELONA GÓRA","2018","11","06",.4,"",4.0,"",13.4,"",10.6,"",69.4,"",989.9,"",1012.9,"",.0,"",.0,""
"351150400","ZIELONA GÓRA","2018","11","07",3.1,"",2.3,"",12.2,"",10.5,"",73.9,"",990.4,"",1013.4,"",.0,"",.0,""
"351150400","ZIELONA GÓRA","2018","11","08",5.6,"",2.5,"",9.9,"",10.7,"",87.9,"",996.7,"",1020.1,"",.0,"",.0,""
"351150400","ZIELONA GÓRA","2018","11","09",7.4,"",1.1,"",7.0,"",10.0,"",99.9,"",995.5,"",1019.2,"",.0,"",.0,""
"351150400","ZIELONA GÓRA","2018","11","10",8.0,"",1.9,"",6.7,"",9.8,"",100.0,"",990.2,"",1013.7,"",.0,"",.0,""
"351150400","ZIELONA GÓRA","2018","11","11",2.9,"",2.5,"",6.7,"",9.6,"",97.5,"",991.0,"",1014.5,"",.0,"",.0,""
"351150400","ZIELONA GÓRA","2018","11","12",2.8,"",2.6,"",9.5,"",10.3,"",86.9,"",996.1,"",1019.5,"",.0,"",.0,""
"351150400","ZIELONA GÓRA","2018","11","13",5.6,"",3.5,"",9.6,"",10.8,"",90.5,"",999.0,"",1022.5,"",3.0,"",.1,""
"351150400","ZIELONA GÓRA","2018","11","14",6.0,"",2.9,"",7.2,"",9.2,"",91.3,"",1005.7,"",1029.6,"",.0,"",.0,""
"351150400","ZIELONA GÓRA","2018","11","15",4.8,"",2.1,"",5.4,"",8.6,"",96.0,"",1008.1,"",1032.2,"",.0,"",.0,""
"351150400","ZIELONA GÓRA","2018","11","16",3.9,"",2.8,"",3.9,"",6.8,"",84.3,"",1012.0,"",1036.3,"",.0,"",.0,""
"351150400","ZIELONA GÓRA","2018","11","17",3.1,"",2.6,"",.3,"",5.4,"",86.5,"",1014.3,"",1039.0,"",.0,"",.0,""
"351150400","ZIELONA GÓRA","2018","11","18",5.3,"",2.1,"",-.7,"",5.1,"",87.3,"",1005.9,"",1030.5,"",.2,"",3.2,""
"351150400","ZIELONA GÓRA","2018","11","19",7.4,"",3.8,"",2.2,"",6.5,"",90.1,"",998.8,"",1023.0,"",.1,"",.0,""
"351150400","ZIELONA GÓRA","2018","11","20",7.8,"",3.5,"",.5,"",5.2,"",82.0,"",996.4,"",1020.6,"",.0,"",.0,""
"351150400","ZIELONA GÓRA","2018","11","21",7.9,"",3.5,"",-.9,"",5.2,"",90.3,"",998.3,"",1022.7,"",.0,"",.0,""
"351150400","ZIELONA GÓRA","2018","11","22",8.0,"",2.3,"",-.6,"",5.3,"",89.8,"",1001.2,"",1025.7,"",.0,"",.0,""
"351150400","ZIELONA GÓRA","2018","11","23",6.6,"",2.5,"",.6,"",6.3,"",99.0,"",999.2,"",1023.5,"",.1,"",.0,""
"351150400","ZIELONA GÓRA","2018","11","24",8.0,"",1.5,"",1.2,"",6.7,"",100.0,"",991.4,"",1015.5,"",.1,"",.2,""
"351150400","ZIELONA GÓRA","2018","11","25",7.6,"",2.0,"",4.1,"",8.1,"",99.5,"",989.4,"",1013.2,"",.0,"",.0,""
"351150400","ZIELONA GÓRA","2018","11","26",7.9,"",2.8,"",1.4,"",6.4,"",94.1,"",989.7,"",1013.7,"",.0,"",.0,""
"351150400","ZIELONA GÓRA","2018","11","27",7.6,"",1.3,"",-1.3,"",4.6,"",82.9,"",997.5,"",1022.0,"",.0,"",.0,""
"351150400","ZIELONA GÓRA","2018","11","28",2.9,"",2.1,"",-.3,"",4.8,"",80.6,"",1005.6,"",1030.1,"",.0,"",.0,""
"351150400","ZIELONA GÓRA","2018","11","29",2.6,"",4.6,"",-3.1,"",3.7,"",75.6,"",1002.5,"",1027.2,"",.0,"",.0,""
"351150400","ZIELONA GÓRA","2018","11","30",6.3,"",2.6,"",-2.1,"",3.5,"",67.6,"",994.9,"",1019.3,"",.0,"",.3,""
"351150400","ZIELONA GÓRA","2018","12","01",7.5,"",2.6,"",-.6,"",5.5,"",92.0,"",992.2,"",1016.4,"",.1,"",.0,""
"351150400","ZIELONA GÓRA","2018","12","02",6.9,"",4.0,"",2.5,"",7.0,"",95.1,"",983.4,"",1007.1,"",.8,"",2.9,""
"351150400","ZIELONA GÓRA","2018","12","03",5.9,"",3.8,"",7.3,"",10.1,"",98.4,"",978.6,"",1001.8,"",.4,"",.2,""
"351150400","ZIELONA GÓRA","2018","12","04",4.6,"",4.1,"",5.8,"",8.1,"",86.5,"",988.2,"",1011.7,"",1.0,"",.0,""
"351150400","ZIELONA GÓRA","2018","12","05",1.0,"",2.8,"",1.7,"",6.2,"",89.1,"",1003.4,"",1027.6,"",.0,"",.0,""
"351150400","ZIELONA GÓRA","2018","12","06",7.3,"",3.4,"",1.7,"",5.8,"",83.6,"",995.5,"",1019.6,"",.0,"",.3,""
"351150400","ZIELONA GÓRA","2018","12","07",8.0,"",4.1,"",7.8,"",10.6,"",99.6,"",984.4,"",1007.8,"",3.2,"",6.2,""
"351150400","ZIELONA GÓRA","2018","12","08",6.1,"",5.4,"",6.8,"",7.7,"",77.6,"",978.8,"",1002.0,"",1.6,"",4.1,""
"351150400","ZIELONA GÓRA","2018","12","09",7.1,"",5.1,"",5.8,"",8.4,"",91.1,"",970.8,"",994.0,"",.1,"",.9,""
"351150400","ZIELONA GÓRA","2018","12","10",7.5,"",4.9,"",3.4,"",6.5,"",83.6,"",983.3,"",1006.9,"",.5,"",4.4,""
"351150400","ZIELONA GÓRA","2018","12","11",7.5,"",4.3,"",1.8,"",6.7,"",96.6,"",987.8,"",1011.8,"",1.4,"",1.3,""
"351150400","ZIELONA GÓRA","2018","12","12",7.0,"",1.8,"",.9,"",6.3,"",97.3,"",998.2,"",1022.5,"",.0,"",.0,""
"351150400","ZIELONA GÓRA","2018","12","13",7.5,"",1.8,"",-.5,"",5.6,"",94.5,"",1000.1,"",1024.5,"",.2,"",.0,""
"351150400","ZIELONA GÓRA","2018","12","14",8.0,"",2.1,"",-1.5,"",4.9,"",89.6,"",1002.2,"",1026.7,"",.0,"",.0,""
"351150400","ZIELONA GÓRA","2018","12","15",8.0,"",2.3,"",-1.2,"",5.3,"",94.3,"",1003.7,"",1028.2,"",.2,"",.0,""
"351150400","ZIELONA GÓRA","2018","12","16",7.0,"",2.3,"",-1.9,"",4.5,"",84.6,"",994.7,"",1019.1,"",.0,"",.0,""
"351150400","ZIELONA GÓRA","2018","12","17",8.0,"",1.5,"",-1.1,"",5.2,"",91.0,"",997.0,"",1021.4,"",.2,"",.0,""
"351150400","ZIELONA GÓRA","2018","12","18",6.9,"",2.3,"",1.8,"",6.8,"",97.6,"",1002.4,"",1026.7,"",.0,"",.0,""
"351150400","ZIELONA GÓRA","2018","12","19",7.1,"",3.1,"",-.7,"",5.6,"",95.4,"",996.7,"",1021.0,"",.0,"",1.3,""
"351150400","ZIELONA GÓRA","2018","12","20",8.0,"",2.8,"",.4,"",6.2,"",97.8,"",992.7,"",1016.9,"",1.0,"",.1,""
"351150400","ZIELONA GÓRA","2018","12","21",7.4,"",3.9,"",3.9,"",7.9,"",97.8,"",985.8,"",1009.5,"",5.0,"",3.0,""
"351150400","ZIELONA GÓRA","2018","12","22",7.1,"",5.5,"",6.3,"",7.7,"",80.4,"",982.8,"",1006.2,"",.0,"",1.8,""
"351150400","ZIELONA GÓRA","2018","12","23",7.6,"",3.1,"",4.2,"",8.0,"",96.8,"",991.7,"",1015.5,"",4.2,"",3.8,""
"351150400","ZIELONA GÓRA","2018","12","24",8.0,"",3.9,"",.6,"",5.8,"",89.3,"",996.5,"",1020.8,"",.1,"",.1,""
"351150400","ZIELONA GÓRA","2018","12","25",7.9,"",4.4,"",2.5,"",6.9,"",93.6,"",1002.4,"",1026.6,"",1.3,"",.0,""
"351150400","ZIELONA GÓRA","2018","12","26",7.9,"",4.3,"",3.9,"",7.4,"",92.1,"",1001.5,"",1025.5,"",.0,"",.4,""
"351150400","ZIELONA GÓRA","2018","12","27",8.0,"",4.0,"",4.8,"",8.6,"",99.4,"",999.7,"",1023.7,"",.1,"",.3,""
"351150400","ZIELONA GÓRA","2018","12","28",7.5,"",3.8,"",4.5,"",8.3,"",99.0,"",999.4,"",1023.4,"",2.1,"",.0,""
"351150400","ZIELONA GÓRA","2018","12","29",8.0,"",3.4,"",4.4,"",8.3,"",99.1,"",1001.1,"",1025.1,"",.4,"",2.6,""
"351150400","ZIELONA GÓRA","2018","12","30",7.8,"",4.8,"",4.2,"",7.9,"",95.4,"",996.5,"",1020.4,"",4.1,"",.0,""
"351150400","ZIELONA GÓRA","2018","12","31",7.1,"",2.6,"",2.4,"",6.8,"",93.0,"",1005.2,"",1029.5,"",.0,"",.0,""
